编号,震源号,震源X/m,震源Y/m,震源Z/m,台站X/m,台站Y/m,台站Z/m,到时/ms,传播时间/ms
,1,5435,10372,384,5265,10213,389,1027,66.5205200809249
,1,5435,10372,384,5511,10133,393,1037,71.7011940241569
,1,5435,10372,384,5511,10329,384,986,24.9489274236757
,1,5435,10372,384,5265,10025,391,1062,110.419607841716
,2,5474,10301,384,5265,10213,389,1050,64.8074069840786
,2,5474,10301,384,5511,10133,393,1035,49.217551208271
,2,5474,10301,384,5511,10329,384,993,13.2572660092802
,2,5474,10301,384,5265,10025,391,1068,98.9355593199896
,3,5439,10266,384,5265,10213,389,1026,51.9890098276274
,3,5439,10266,384,5511,10133,393,1015,43.2873644192777
,3,5439,10266,384,5511,10329,384,992,27.3346606613177
,3,5439,10266,384,5265,10025,391,1045,84.9518471048783
,4,5483,10355,388,5265,10213,389,1068,74.334599299796
,4,5483,10355,388,5511,10133,393,1052,63.9470444179863
,4,5483,10355,388,5511,10329,384,1005,10.9767844070277
,4,5483,10355,388,5265,10025,391,1111,113.004605288132
,5,5504,10386,384,5265,10213,389,1066,84.3099238838829
,5,5504,10386,384,5511,10133,393,1052,72.3590819088653
,5,5504,10386,384,5511,10329,384,1001,16.4080617318414
,5,5504,10386,384,5265,10025,391,1110,123.714945560761
,6,5484,10327,388,5265,10213,389,1067,70.541925585471
,6,5484,10327,388,5511,10133,393,1047,55.9810463551764
,6,5484,10327,388,5511,10329,384,1001,7.819389819088
,6,5484,10327,388,5265,10025,391,1094,106.588661953994
,7,5344,10413,384,5265,10213,389,982,61.455807915368
,7,5344,10413,384,5511,10133,393,1008,93.1840399753222
,7,5344,10413,384,5511,10329,384,971,53.4102336750598
,7,5344,10413,384,5265,10025,391,1031,113.149350463023
,8,5505,10369,384,5265,10213,389,1073,81.7966617751056
,8,5505,10369,384,5511,10133,393,1057,67.4993575177284
,8,5505,10369,384,5511,10329,384,1001,11.5564276663752
,8,5505,10369,384,5265,10025,391,1117,119.858760418167
,9,5485,10335,384,5265,10213,389,1080,71.8893707904935
,9,5485,10335,384,5511,10133,393,1059,58.2471861455775
,9,5485,10335,384,5511,10329,384,1007,7.62380803664362
,9,5485,10335,384,5265,10025,391,1076,108.62742916661
,10,5356,10422,384,5265,10213,389,993,65.1447368149867
,10,5356,10422,384,5511,10133,393,1017,93.7330120662961
,10,5356,10422,384,5511,10329,384,981,51.6455739257727
,10,5356,10422,384,5265,10025,391,1041,116.387459875738
,11,5373,10283,391,5265,10213,389,962,36.7762123650379
,11,5373,10283,391,5511,10133,393,982,58.2380757699613
,11,5373,10283,391,5511,10329,384,988,41.6094573237324
,11,5373,10283,391,5265,10025,391,1044,79.9121967141028
,12,5359,10287,391,5265,10213,389,992,34.1855680254766
,12,5359,10287,391,5511,10133,393,1010,61.8252969822125
,12,5359,10287,391,5511,10329,384,1006,45.1003416431243
,12,5359,10287,391,5265,10025,391,1033,79.5292270752311
,13,5490,10389,384,5265,10213,389,1064,81.6293264628314
,13,5490,10389,384,5511,10133,393,1045,73.4335740374821
,13,5490,10389,384,5511,10329,384,993,18.1625315146432
,13,5490,10389,384,5265,10025,391,1097,122.281041299232
,14,5477,10341,384,5265,10213,389,1012,70.7701078370332
,14,5477,10341,384,5511,10133,393,1000,60.2721718032257
,14,5477,10341,384,5511,10329,384,951,10.3015750727543
,14,5477,10341,384,5265,10025,391,1048,108.740094552402
,15,5333,10322,384,5265,10213,389,967,36.7340135991432
,15,5333,10322,384,5511,10133,393,1004,74.2230504930227
,15,5333,10322,384,5511,10329,384,973,50.896453507016
,15,5333,10322,384,5265,10025,391,1010,87.0758524599826
,16,5364,10403,388,5265,10213,389,998,61.2135772587775
,16,5364,10403,388,5511,10133,393,1014,87.8468054313291
,16,5364,10403,388,5511,10329,384,990,47.0353753106345
,16,5364,10403,388,5265,10025,391,1051,111.645941827415
,17,5338,10392,388,5265,10213,389,991,55.2330868008572
,17,5338,10392,388,5511,10133,393,1016,89.0012611696931
,17,5338,10392,388,5511,10329,384,984,52.6164403577282
,17,5338,10392,388,5265,10025,391,1034,106.914804915896
,18,5485,10316,388,5265,10213,389,1036,69.4056399519726
,18,5485,10316,388,5511,10133,393,1020,52.8301089168219
,18,5485,10316,388,5511,10329,384,979,8.38365757206926
,18,5485,10316,388,5265,10025,391,1078,104.232863320156
,19,5506,10387,384,5265,10213,389,1068,84.9403151798788
,19,5506,10387,384,5511,10133,393,10417,72.6310216513746
,19,5506,10387,384,5511,10329,384,994,16.632890946089
,19,5506,10387,384,5265,10025,391,1105,124.268964388556
,20,5514,10175,395,5265,10213,389,1060,71.9869602704517
,20,5514,10175,395,5511,10133,393,998,12.0441365190617
,20,5514,10175,395,5511,10329,384,1043,44.1204288838851
,20,5514,10175,395,5265,10025,391,1087,83.0623075695319
,21,5487,10225,384,5265,10213,389,1020,63.5372299666639
,21,5487,10225,384,5511,10133,393,998,27.2868361773847
,21,5487,10225,384,5511,10329,384,985,30.4952321465745
,21,5487,10225,384,5265,10025,391,1038,85.396075998364
,22,5384,10254,388,5265,10213,389,1008,35.962565571007
,22,5384,10254,388,5511,10133,393,1016,50.13858345646
,22,5384,10254,388,5511,10329,384,1012,42.1561722306812
,22,5384,10254,388,5265,10025,391,1047,73.7403054852719
,23,5497,10331,388,5265,10213,389,1063,74.3675373549837
,23,5497,10331,388,5511,10133,393,1052,56.7306561476137
,23,5497,10331,388,5511,10329,384,1000,4.19912527334259
,23,5497,10331,388,5265,10025,391,1098,109.71912191722
,24,5358,10379,388,5265,10213,389,996,54.3653551145828
,24,5358,10379,388,5511,10133,393,1024,82.7832182540024
,24,5358,10379,388,5511,10329,384,985,46.0035491088703
,24,5358,10379,388,5265,10025,391,1049,104.578454096551
,25,5492,10365,384,5265,10213,389,1064,78.0674747397717
,25,5492,10365,384,5511,10133,393,1048,66.5573252994771
,25,5492,10365,384,5511,10329,384,997,11.6303613925986
,25,5492,10365,384,5265,10025,391,1107,116.821161068829
,26,5329,10281,384,5265,10213,389,984,26.7184870645852
,26,5329,10281,384,5511,10133,393,1019,67.0723033565347
,26,5329,10281,384,5511,10329,384,1013,53.7780776213976
,26,5329,10281,384,5265,10025,391,1019,75.4204541086779
,27,5495,10367,384,5265,10213,389,1069,79.0974599040026
,27,5495,10367,384,5511,10133,393,1046,67.0625659746333
,27,5495,10367,384,5511,10329,384,996,11.780301787479
,27,5495,10367,384,5265,10025,391,1104,117.772870303784
,28,5454,10236,384,5265,10213,389,1034,54.4171341564026
,28,5454,10236,384,5511,10133,393,1019,33.7324406324299
,28,5454,10236,384,5511,10329,384,1012,31.1651296503392
,28,5454,10236,384,5265,10025,391,1064,80.9590473445604
,29,5461,10276,391,5265,10213,389,1069,58.8245402074019
,29,5461,10276,391,5511,10133,393,1053,43.2864214935156
,29,5461,10276,391,5511,10329,384,1040,20.9138173249658
,29,5461,10276,391,5265,10025,391,1114,90.9886738858755
,30,5481,10354,388,5265,10213,389,1060,73.6998878519347
,30,5481,10354,388,5511,10133,393,1048,63.7379840616637
,30,5481,10354,388,5511,10329,384,1004,11.2158779579374
,30,5481,10354,388,5265,10025,391,1104,112.451712993187
,31,5551,10407,383,5265,10213,389,1065,98.7546950575939
,31,5551,10407,383,5511,10133,393,1031,79.1670927306831
,31,5551,10407,383,5511,10329,384,986,25.0468947930778
,31,5551,10407,383,5265,10025,391,1102,136.362063070701
,32,5340,10452,384,5265,10213,389,987,71.5832610692341
,32,5340,10452,384,5511,10133,393,1012,103.443960970298
,32,5340,10452,384,5511,10329,384,983,60.1833931938581
,32,5340,10452,384,5265,10025,391,1044,123.883750643373
,33,5472,10359,384,5265,10213,389,1062,72.3878442834154
,33,5472,10359,384,5511,10133,393,1055,65.5762525458659
,33,5472,10359,384,5511,10329,384,997,14.0581881144486
,33,5472,10359,384,5265,10025,391,1100,112.287531791906
,34,5505,10349,384,5265,10213,389,1066,78.82866980784
,34,5505,10349,384,5511,10133,393,1040,61.7916182150351
,34,5505,10349,384,5511,10329,384,991,5.96588943366317
,34,5505,10349,384,5265,10025,391,1101,115.219400293881
,35,5420,10336,384,5265,10213,389,1286,56.5533881768875
,35,5420,10336,384,5511,10133,393,1282,63.6129880205132
,35,5420,10336,384,5511,10329,384,1233,26.0768096208106
,35,5420,10336,384,5265,10025,391,1299,99.3016431210008
,36,5434,10468,384,5265,10213,389,1228,87.4168993142303
,36,5434,10468,384,5511,10133,393,1231,98.2437618105795
,36,5434,10468,384,5511,10329,384,1178,45.4007102344877
,36,5434,10468,384,5265,10025,391,1271,135.483713909436
,37,5393,10331,384,5265,10213,389,1030,49.7610617381314
,37,5393,10331,384,5511,10133,393,1048,65.9059317264743
,37,5393,10331,384,5511,10329,384,1003,33.7191279815587
,37,5393,10331,384,5265,10025,391,1057,94.7904240405956
,38,5323,10457,384,5265,10213,389,985,71.6710171120625
,38,5323,10457,384,5511,10133,393,1005,107.057489800803
,38,5323,10457,384,5511,10329,384,981,64.9822581752206
,38,5323,10457,384,5265,10025,391,1040,124.552095485367
,39,5351,10430,384,5265,10213,389,984,66.7067906465852
,39,5351,10430,384,5511,10133,393,1011,96.4216928763588
,39,5351,10430,384,5511,10329,384,974,54.060434813687
,39,5351,10430,384,5265,10025,391,1041,118.311246381771
,40,5495,10376,384,5265,10213,389,1063,80.5562295694689
,40,5495,10376,384,5511,10133,393,1047,69.6264083138997
,40,5495,10376,384,5511,10329,384,991,14.1853618140645
,40,5495,10376,384,5265,10025,391,1104,119.914935836762
,41,5416,10391,388,5265,10213,389,980,66.6921039906066
,41,5416,10391,388,5511,10133,393,988,78.565714077907
,41,5416,10391,388,5511,10329,384,950,32.4320325402815
,41,5416,10391,388,5265,10025,391,1038,113.124818186797
,42,5309,10435,384,5265,10213,389,972,64.6781671518485
,42,5309,10435,384,5511,10133,393,1018,103.840144020528
,42,5309,10435,384,5511,10329,384,972,65.1779354176406
,42,5309,10435,384,5265,10025,391,1028,117.832464948835
,43,5413,10358,384,5265,10213,389,1038,59.2152765727885
,43,5413,10358,384,5511,10133,393,1050,70.1659839674642
,43,5413,10358,384,5511,10329,384,1001,29.2002236502478
,43,5413,10358,384,5265,10025,391,1063,104.135704241913
,44,5495,10128,384,5265,10213,389,1059,70.0728483910327
,44,5495,10128,384,5511,10133,393,994,5.43608502584013
,44,5495,10128,384,5511,10329,384,1048,57.610231517589
,44,5495,10128,384,5265,10025,391,1063,72.0306057399582
,45,5485,10411,384,5265,10213,389,1062,84.5777024699893
,45,5485,10411,384,5511,10133,393,1049,79.8166265733589
,45,5485,10411,384,5511,10329,384,994,24.5780721915504
,45,5485,10411,384,5265,10025,391,1097,126.956524777868
,46,5499,10349,384,5265,10213,389,1060,77.3420708176821
,46,5499,10349,384,5511,10133,393,1039,61.8629162597696
,46,5499,10349,384,5511,10329,384,982,6.66394502268034
,46,5499,10349,384,5265,10025,391,1096,114.207473217717
,47,5512,10335,384,5265,10213,389,1052,78.7234892208294
,47,5512,10335,384,5511,10133,393,1043,57.7722481219246
,47,5512,10335,384,5511,10329,384,966,1.73793215151378
,47,5512,10335,384,5265,10025,391,1102,113.26616657147
,48,5337,10501,384,5265,10213,389,1005,84.8302025537256
,48,5337,10501,384,5511,10133,393,1036,116.332037105618
,48,5337,10501,384,5511,10329,384,985,69.9037238796682
,48,5337,10501,384,5265,10025,391,1052,137.56156321251
,49,5277,10491,395,5265,10213,389,989,79.5210150635333
,49,5277,10491,395,5511,10133,393,1024,122.19890109396
,49,5277,10491,395,5511,10329,384,998,81.3764244052268
,49,5277,10491,395,5265,10025,391,1037,133.19189777405
,50,5448,10367,384,5265,10213,389,1034,68.3508356546859
,50,5448,10367,384,5511,10133,393,1055,69.2855670101527
,50,5448,10367,384,5511,10329,384,1013,21.0208836879045
,50,5448,10367,384,5265,10025,391,1075,110.841677860904
,51,5391,10396,384,5265,10213,389,1034,63.4967458590901
,51,5391,10396,384,5511,10133,393,1049,82.6351706513118
,51,5391,10396,384,5511,10329,384,994,39.267788117915
,51,5391,10396,384,5265,10025,391,1057,111.964280018227
,52,5490,10415,384,5265,10213,389,1056,86.4038925804921
,52,5490,10415,384,5511,10133,393,1048,80.8354337338446
,52,5490,10415,384,5511,10329,384,987,25.2933805973187
,52,5490,10415,384,5265,10025,391,1094,128.658383294042
,53,5526,10313,388,5265,10213,389,1089,79.8580373065165
,53,5526,10313,388,5511,10133,393,1051,51.626602855979
,53,5526,10313,388,5511,10329,384,1014,6.36957051703084
,53,5526,10313,388,5265,10025,391,1122,111.052111319738
,54,5296,10436,384,5265,10213,389,991,64.3428317685816
,54,5296,10436,384,5511,10133,393,1030,106.182361423878
,54,5296,10436,384,5511,10329,384,1004,68.6154620523178
,54,5296,10436,384,5265,10025,391,1043,117.779108365393
,55,5400,10403,384,5265,10213,389,1025,66.6088184392844
,55,5400,10403,384,5511,10133,393,1038,83.447160355692
,55,5400,10403,384,5511,10329,384,995,38.1158277691907
,55,5400,10403,384,5265,10025,391,1073,114.698540104226
,56,5466,10379,384,5265,10213,389,1056,74.495308714094
,56,5466,10379,384,5511,10133,393,1052,71.4982517268779
,56,5466,10379,384,5511,10329,384,1001,19.219462924391
,56,5466,10379,384,5265,10025,391,1088,116.326774077797
,57,5350,10386,384,5265,10213,389,1001,55.091019305902
,57,5350,10386,384,5511,10133,393,1027,85.7195236494807
,57,5350,10386,384,5511,10329,384,1001,48.7977918536886
,57,5350,10386,384,5265,10025,391,1052,105.982285774365
,58,5436,10355,384,5265,10213,389,1033,63.5224530447017
,58,5436,10355,384,5511,10133,393,1037,66.999847700101
,58,5436,10355,384,5511,10329,384,996,22.6796681399613
,58,5436,10355,384,5265,10025,391,1074,106.211187388762
,59,5513,10325,384,5265,10213,389,1078,77.7610153624815
,59,5513,10325,384,5511,10133,393,1050,54.9203504901342
,59,5513,10325,384,5511,10329,384,994,1.27775312999988
,59,5513,10325,384,5265,10025,391,1110,111.228024658302
,61,5502,10353,384,5265,10213,389,1069,78.6591717864004
,61,5502,10353,384,5511,10133,393,1057,62.9622497847653
,61,5502,10353,384,5511,10329,384,998,7.32343178170074
,61,5502,10353,384,5265,10025,391,1106,115.635599348707
,62,5318,10293,384,5265,10213,389,1088,27.4553440766519
,62,5318,10293,384,5511,10133,393,1142,71.673864533335
,62,5318,10293,384,5511,10329,384,1108,56.0939445238512
,62,5318,10293,384,5265,10025,391,1128,78.0800217464004
,63,5464,10373,384,5265,10213,389,1056,72.9696610145026
,63,5464,10373,384,5511,10133,393,1053,69.921238489008
,63,5464,10373,384,5511,10329,384,1006,18.3947641175084
,63,5464,10373,384,5265,10025,391,1097,114.554683493099
,64,5505,10370,384,5265,10213,389,1066,81.9526991499315
,64,5505,10370,384,5511,10133,393,1044,67.784773439203
,64,5505,10370,384,5511,10329,384,992,11.8390567743432
,64,5505,10370,384,5265,10025,391,1105,120.093161116438
,65,5488,10342,384,5265,10213,389,1073,73.6206492772238
,65,5488,10342,384,5511,10133,393,1050,60.1297915906474
,65,5488,10342,384,5511,10329,384,1001,7.54848275064166
,65,5488,10342,384,5265,10025,391,1107,110.755107681547
,66,5502,10315,388,5265,10213,389,1063,73.7198226049002
,66,5502,10315,388,5511,10133,393,1048,52.0831360540481
,66,5502,10315,388,5511,10329,384,1001,4.89064079103534
,66,5502,10315,388,5265,10025,391,1106,107.010585019065
,67,5470,10256,391,5265,10213,389,1069,59.8487890522474
,67,5470,10256,391,5511,10133,393,1036,37.0482311125839
,67,5470,10256,391,5511,10329,384,1096,24.0051014986228
,67,5470,10256,391,5265,10025,391,3237,88.2417828746561
,68,5446,10289,391,5265,10213,389,1064,56.0910338791562
,68,5446,10289,391,5511,10133,393,1050,48.2890954014866
,68,5446,10289,391,5511,10329,384,1030,21.8977214358397
,68,5446,10289,391,5265,10025,391,1092,91.4540143169991
,69,5453,10347,384,5265,10213,389,1013,65.9777327928885
,69,5453,10347,384,5511,10133,393,1000,63.4008948626733
,69,5453,10347,384,5511,10329,384,960,17.3511159436445
,69,5453,10347,384,5265,10025,391,1041,106.551510969089
,70,5518,10258,391,5265,10213,389,1037,73.422456665908
,70,5518,10258,391,5511,10133,393,990,35.7748058652158
,70,5518,10258,391,5511,10329,384,984,20.4819482491689
,70,5518,10258,391,5265,10025,391,1056,98.2699322877386
,71,5493,10356,384,5265,10213,389,1073,76.9086391474339
,71,5493,10356,384,5511,10133,393,1050,63.9732086780976
,71,5493,10356,384,5511,10329,384,1002,9.27141756547883
,71,5493,10356,384,5265,10025,391,1111,114.853589141896
,72,5488,10336,391,5265,10213,389,1062,72.7657690322664
,72,5488,10336,391,5511,10133,393,1048,58.3738828936506
,72,5488,10336,391,5511,10329,384,999,7.15427658602795
,72,5488,10336,391,5265,10025,391,1103,109.339389246585
,73,5478,10341,388,5265,10213,389,1057,71.0010060290899
,73,5478,10341,388,5511,10133,393,1045,60.188818542575
,73,5478,10341,388,5511,10329,384,993,10.0974840268985
,73,5478,10341,388,5265,10025,391,1096,108.884510995338
,74,5459,10359,388,5265,10213,389,1042,69.3721110816037
,74,5459,10359,388,5511,10133,393,1042,66.2740137456544
,74,5459,10359,388,5511,10329,384,995,17.1904102359901
,74,5459,10359,388,5265,10025,391,1091,110.361557932949
,75,5513,10316,384,5265,10213,389,1079,76.7386234339046
,75,5513,10316,384,5511,10133,393,1054,52.3520266453702
,75,5513,10316,384,5511,10329,384,1004,3.75798469656169
,75,5513,10316,384,5265,10025,391,1094,109.258726826534
,76,5349,10396,384,5265,10213,389,1010,57.5485597968696
,76,5349,10396,384,5511,10133,393,1036,88.2917242522116
,76,5349,10396,384,5511,10329,384,997,50.0880856744457
,76,5349,10396,384,5265,10025,391,1051,108.70142593361
,77,5449,10456,384,5265,10213,389,1043,87.0983492896369
,77,5449,10456,384,5511,10133,393,1050,94.0056446416373
,77,5449,10456,384,5511,10329,384,988,40.3788184521518
,77,5449,10456,384,5265,10025,391,1088,133.910113013719
,78,5495,10143,395,5265,10213,389,1071,68.7117611653855
,78,5495,10143,395,5511,10133,393,1001,5.42104741743151
,78,5495,10143,395,5511,10329,384,1056,53.431627108953
,78,5495,10143,395,5265,10025,391,1077,73.866951545412
,79,5540,10258,400,5265,10213,389,1005,79.6784353587876
,79,5540,10258,400,5511,10133,393,962,36.7173428410352
,79,5540,10258,400,5511,10329,384,966,22.3843968980582
,79,5540,10258,400,5265,10025,391,1066,103.013769636364
,80,5362,10421,384,5265,10213,389,1008,65.5886998729233
,80,5362,10421,384,5511,10133,393,1027,92.681592298689
,80,5362,10421,384,5511,10329,384,982,50.0326424059578
,80,5362,10421,384,5265,10025,391,1050,116.504882966775
,81,5376,10329,384,5265,10213,389,1008,45.8942884712871
,81,5376,10329,384,5511,10133,393,1046,68.0468026209812
,81,5376,10329,384,5511,10329,384,997,38.5714285714286
,81,5376,10329,384,5265,10025,391,1046,92.487616380105
,82,5467,10326,388,5265,10213,389,1059,66.1315942277369
,82,5467,10326,388,5511,10133,393,1040,56.5757574101365
,82,5467,10326,388,5511,10329,384,1001,12.652337043134
,82,5467,10326,388,5265,10025,391,1083,103.57448271359
,83,5479,10290,391,5265,10213,389,1049,64.9828862871147
,83,5479,10290,391,5511,10133,393,1022,45.7829840951096
,83,5479,10290,391,5511,10329,384,1002,14.5518075179964
,83,5479,10290,391,5265,10025,391,1080,97.3195871385423
,84,5535,10285,388,5265,10213,389,1060,79.8391239574039
,84,5535,10285,388,5511,10133,393,1022,43.9897947348737
,84,5535,10285,388,5511,10329,384,994,14.3654915314018
,84,5535,10285,388,5265,10025,391,1088,107.098657549848
,85,5353,10307,388,5265,10213,389,981,36.7906376733017
,85,5353,10307,388,5511,10133,393,1006,67.1671688507754
,85,5353,10307,388,5511,10329,384,990,45.5926954407284
,85,5353,10307,388,5265,10025,391,1018,84.4076599677096
,86,5509,10219,391,5265,10213,389,1031,69.737700985733
,86,5509,10219,391,5511,10133,393,975,24.5847140163417
,86,5509,10219,391,5511,10329,384,1000,31.497327389051
,86,5509,10219,391,5265,10025,391,1062,89.0640677448841
,87,5459,10390,384,5265,10213,389,997,75.0455643905346
,87,5459,10390,384,5511,10133,393,990,74.9606699597617
,87,5459,10390,384,5511,10329,384,953,22.9017422026877
,87,5459,10390,384,5265,10025,391,1045,118.117893372232
,88,5454,10279,384,5265,10213,389,1032,57.2156678984107
,88,5454,10279,384,5511,10133,393,995,44.8544130197569
,88,5454,10279,384,5511,10329,384,974,21.6634743854484
,88,5454,10279,384,5265,10025,391,1029,90.4798996733416
,89,5495,10325,391,5265,10213,389,1056,73.0937335039812
,89,5495,10325,391,5511,10133,393,1029,55.050255333149
,89,5495,10325,391,5511,10329,384,998,5.11899224776255
,89,5495,10325,391,5265,10025,391,1116,108.006046693919
,90,5482,10337,384,5265,10213,389,1064,71.4228569142674
,90,5482,10337,384,5511,10133,393,1038,58.9278354932401
,90,5482,10337,384,5511,10329,384,995,8.59520511799504
,90,5482,10337,384,5265,10025,391,1080,108.602251263921
,91,5352,10397,384,5265,10213,389,998,58.1693516328638
,91,5352,10397,384,5511,10133,393,1030,88.0899354903492
,91,5352,10397,384,5511,10329,384,998,49.4087491219512
,91,5352,10397,384,5265,10025,391,1053,109.172023029002
,92,5325,10299,391,5265,10213,389,981,29.9659670905758
,92,5325,10299,391,5511,10133,393,1021,71.2317287707765
,92,5325,10299,391,5511,10329,384,1015,53.8668047415217
,92,5325,10299,391,5265,10025,391,1040,80.1406926114624
,93,5434,10394,384,5265,10213,389,1044,70.7666472806713
,93,5434,10394,384,5511,10133,393,1052,77.7914532842885
,93,5434,10394,384,5511,10329,384,1005,28.7905880312243
,93,5434,10394,384,5265,10025,391,1088,115.977126527393
,94,5496,10281,384,5265,10213,389,1049,68.8150434431428
,94,5496,10281,384,5511,10133,393,1036,42.5800566520266
,94,5496,10281,384,5511,10329,384,992,14.3683325264916
,94,5496,10281,384,5265,10025,391,1077,98.5387109263177
,95,5471,10334,388,5265,10213,389,1216,68.2600071156499
,95,5471,10334,388,5511,10133,393,1200,58.5721254313946
,95,5471,10334,388,5511,10329,384,1158,11.5740737717309
,95,5471,10334,388,5265,10025,391,1255,106.109685260689
,96,5502,10360,388,5265,10213,389,1035,79.6825333586287
,96,5502,10360,388,5511,10133,393,1024,64.9238172076806
,96,5502,10360,388,5511,10329,384,982,9.29340340988034
,96,5502,10360,388,5265,10025,391,1108,117.248384523922
,97,5435,10359,384,5265,10213,389,1044,64.0414406650021
,97,5435,10359,384,5511,10133,393,1061,68.1732486884313
,97,5435,10359,384,5511,10329,384,998,23.344797960932
,97,5435,10359,384,5265,10025,391,1074,107.097133100599
,98,5476,10237,384,5265,10213,389,1048,60.6912561365191
,98,5476,10237,384,5511,10133,393,1018,31.4571298819228
,98,5476,10237,384,5511,10329,384,994,28.1236337536636
,98,5476,10237,384,5265,10025,391,1040,85.4825438678708
,99,5492,10314,384,5265,10213,389,1068,71.0015808964555
,99,5492,10314,384,5511,10133,393,1059,52.0619724904064
,99,5492,10314,384,5511,10329,384,999,6.91641053537726
,99,5492,10314,384,5265,10025,391,1079,105.01661676096
,100,5472,10334,397,5265,10213,389,1035,68.5440421501804
,100,5472,10334,397,5511,10133,393,1029,58.5107699836674
,100,5472,10334,397,5511,10329,384,983,11.8321595661992
,100,5472,10334,397,5265,10025,391,1088,106.278801618523
,101,5490,10390,384,5265,10213,389,1067,81.8056432363081
,101,5490,10390,384,5511,10133,393,1051,73.7181615813822
,101,5490,10390,384,5511,10329,384,994,18.4324469900449
,101,5490,10390,384,5265,10025,391,1097,122.524133399531
,102,5384,10399,384,5265,10213,389,990,63.1047072858488
,102,5384,10399,384,5511,10133,393,1018,84.2571380128856
,102,5384,10399,384,5511,10329,384,970,41.4325121278506
,102,5384,10399,384,5265,10025,391,1042,112.153684645632
,103,5452,10459,384,5265,10213,389,1041,88.2991205725037
,103,5452,10459,384,5511,10133,393,1049,94.690904246072
,103,5452,10459,384,5511,10329,384,986,40.7891542207094
,103,5452,10459,384,5265,10025,391,1090,135.035596214102
,104,5511,10351,384,5265,10213,389,1083,80.6023243701914
,104,5511,10351,384,5511,10133,393,1054,62.3387716351517
,104,5511,10351,384,5511,10329,384,997,6.28571428571429
,104,5511,10351,384,5265,10025,391,1111,116.703356718596
,105,5438,10355,388,5265,10213,389,1040,63.9476826980382
,105,5438,10355,388,5511,10133,393,1043,66.7850649319081
,105,5438,10355,388,5511,10329,384,1001,22.170029410933
,105,5438,10355,388,5265,10025,391,1084,106.459918681701
,106,5436,10394,384,5265,10213,389,1041,71.1577723894486
,106,5436,10394,384,5511,10133,393,1054,77.6317839389964
,106,5436,10394,384,5511,10329,384,1000,28.3563332018274
,106,5436,10394,384,5265,10025,391,1086,116.216195436061
,107,5466,10400,384,5265,10213,389,1054,78.4518570688484
,107,5466,10400,384,5511,10133,393,1054,77.404318816385
,107,5466,10400,384,5511,10329,384,994,24.0170007813343
,107,5466,10400,384,5265,10025,391,1083,121.579737839252
,108,5465,10383,384,5265,10213,389,1060,75.0102033875719
,108,5465,10383,384,5511,10133,393,1044,72.6731570464779
,108,5465,10383,384,5511,10329,384,998,20.2675975439637
,108,5465,10383,384,5265,10025,391,1090,117.182223350591
,109,5512,10360,384,5265,10213,389,1054,82.1362730280524
,109,5512,10360,384,5511,10133,393,1037,64.9087271261951
,109,5512,10360,384,5511,10329,384,981,8.86174995386904
,109,5512,10360,384,5265,10025,391,1094,118.935070607488
,110,5447,10369,384,5265,10213,389,1070,68.5029419895561
,110,5447,10369,384,5511,10133,393,1063,69.911314082448
,110,5447,10369,384,5511,10329,384,989,21.5633854447008
,110,5447,10369,384,5265,10025,391,1077,111.211877210364
,111,5319,10417,384,5265,10213,389,985,60.3100830910469
,111,5319,10417,384,5511,10133,393,1025,97.9800062903298
,111,5319,10417,384,5511,10329,384,979,60.3445887197444
,111,5319,10417,384,5265,10025,391,1021,113.075376702121
,112,5485,10370,384,5265,10213,389,1061,77.2348657653777
,112,5485,10370,384,5511,10133,393,1049,68.1690575566603
,112,5485,10370,384,5511,10329,384,996,13.871126964501
,112,5485,10370,384,5265,10025,391,1092,116.924535230103
,113,5477,10348,384,5265,10213,389,1059,71.8240480448646
,113,5477,10348,384,5511,10133,393,1059,62.2450719301684
,113,5477,10348,384,5511,10329,384,1009,11.1281954823717
,113,5477,10348,384,5265,10025,391,1103,110.406299731529
,114,5456,10401,384,5265,10213,389,1055,76.5852865924583
,114,5456,10401,384,5511,10133,393,1062,78.2095562823211
,114,5456,10401,384,5511,10329,384,1002,25.8867234114245
,114,5456,10401,384,5265,10025,391,1101,120.511156228418
,115,5462,10138,384,5265,10213,389,1012,60.2437226808651
,115,5462,10138,384,5511,10133,393,981,14.3057003052801
,115,5462,10138,384,5511,10329,384,981,56.3386263262296
,115,5462,10138,384,5265,10025,391,1023,64.9187875702546
,116,5341,10395,384,5265,10213,389,996,56.3697704484253
,116,5341,10395,384,5511,10133,393,1031,89.2714274283885
,116,5341,10395,384,5511,10329,384,996,52.1035076573937
,116,5341,10395,384,5265,10025,391,1046,107.939892570649
,117,5521,10335,384,5265,10213,389,1095,81.0366508162215
,117,5521,10335,384,5511,10133,393,1060,57.8421497328227
,117,5521,10335,384,5511,10329,384,1004,3.33197251134017
,117,5521,10335,384,5265,10025,391,1105,114.885923899336
,118,5445,10330,415,5265,10213,389,955,61.786333605484
,118,5445,10330,415,5511,10133,393,979,59.6924088429122
,118,5445,10330,415,5511,10329,384,928,20.8356053182909
,118,5445,10330,415,5265,10025,391,1018,101.41891302103
,119,5491,10434,385,5265,10213,389,1067,90.32051770427
,119,5491,10434,385,5511,10133,393,1058,86.2199370854584
,119,5491,10434,385,5511,10329,384,1005,30.5407055235722
,119,5491,10434,385,5265,10025,391,1099,133.521533843796
,120,5476,10380,384,5265,10213,389,1009,76.8964318059674
,120,5476,10380,384,5511,10133,393,981,71.3227787982928
,120,5476,10380,384,5511,10329,384,937,17.6727623933624
,120,5476,10380,384,5265,10025,391,1032,118.008993085186
,121,5471,10406,384,5265,10213,389,1339,80.6655984637206
,121,5471,10406,384,5511,10133,393,1339,78.874739237578
,121,5471,10406,384,5511,10329,384,1276,24.7913744051829
,121,5471,10406,384,5265,10025,391,1382,123.766072961561
,122,5496,10333,384,5265,10213,389,1083,74.3878418856749
,122,5496,10333,384,5511,10133,393,1054,57.3610121448856
,122,5496,10333,384,5511,10329,384,1006,4.43547848464572
,122,5496,10333,384,5265,10025,391,1109,110.018180315801
,123,5470,10383,384,5265,10213,389,1050,76.1041177249554
,123,5470,10383,384,5511,10133,393,1040,72.4284305436781
,123,5470,10383,384,5511,10329,384,993,19.3717656944959
,123,5470,10383,384,5265,10025,391,1090,117.885451145749
,124,5534,10321,384,5265,10213,389,1098,82.8325086532813
,124,5534,10321,384,5511,10133,393,1056,54.1758286338406
,124,5534,10321,384,5511,10329,384,1010,6.95759752107767
,124,5534,10321,384,5265,10025,391,1107,114.294999622798
,125,5495,10283,384,5265,10213,389,1094,68.7052266080631
,125,5495,10283,384,5511,10133,393,1075,43.1769023664179
,125,5495,10283,384,5511,10329,384,1041,13.9151950421553
,125,5495,10283,384,5265,10025,391,1121,98.7732922672223
,126,5489,10392,384,5265,10213,389,1064,81.9367600839893
,126,5489,10392,384,5511,10133,393,1056,74.3109847127569
,126,5489,10392,384,5511,10329,384,995,19.0659435665176
,126,5489,10392,384,5265,10025,391,1095,122.861793931894
,127,5428,10292,391,5265,10213,389,1038,51.7560999066875
,127,5428,10292,391,5511,10133,393,1018,51.2488924718558
,127,5428,10292,391,5511,10329,384,1157,26.0407843387942
,127,5428,10292,391,5265,10025,391,1082,89.3778952720711
