编号,震源号,震源X/m,震源Y/m,震源Z/m,台站X/m,台站Y/m,台站Z/m,到时/ms,传播时间/ms,,,,,
1,1,5313,9284,410,5511,9281,410,1035,56.57792171,,-36494687,-3870716,-36494489,-3870719
2,1,5313,9284,410,5511,8916,427,1106,119.4945136,,,,,
3,1,5313,9284,410,5511,9106,417,1045,76.09714522,,,,,
4,1,5313,9284,410,5265,9266,407,993,14.67192237,,,,,
5,2,5506,9269,413,5265,9074,414,1100,88.57465432,,,,,
6,2,5506,9269,413,5511,9281,410,1015,3.811904018,,,,,
7,2,5506,9269,413,5511,8916,427,1108,100.9465407,,,,,
8,2,5506,9269,413,5511,9106,417,1057,46.60734811,,,,,
9,2,5506,9269,413,5265,9266,407,1083,68.88381226,,,,,
10,3,5480,9276,413,5511,9281,410,989,9.012463026,,,,,
11,3,5480,9276,413,5511,8916,427,1086,103.3152497,,,,,
12,3,5480,9276,413,5511,9106,417,1040,49.38561304,,,,,
13,3,5480,9276,413,5265,9266,407,1048,61.51887051,,,,,
14,4,5457,9285,404,5511,9281,410,1134,15.56552968,,,,,
15,4,5457,9285,404,5511,8916,427,1223,106.7539609,,,,,
16,4,5457,9285,404,5511,9106,417,1166,53.54837599,,,,,
17,4,5457,9285,404,5265,9266,407,1169,55.13175314,,,,,
18,5,5455,9311,410,5511,9281,410,1011,18.15129163,,,,,
19,5,5455,9311,410,5511,8916,427,1100,114.0891166,,,,,
20,5,5455,9311,410,5511,9106,417,1052,60.75040942,,,,,
21,5,5455,9311,410,5265,9266,407,1048,55.79408205,,,,,
22,6,5459,9325,410,5511,9281,410,985,19.46215585,,,,,
23,6,5459,9325,410,5511,8916,427,1074,117.897915,,,,,
24,6,5459,9325,410,5511,9106,417,1038,64.34219741,,,,,
25,6,5459,9325,410,5265,9266,407,1029,57.94156099,,,,,
26,7,5436,9257,419,5511,9281,410,957,22.64544825,,,,,
27,7,5436,9257,419,5511,8916,427,1034,99.78343898,,,,,
28,7,5436,9257,419,5511,9106,417,987,48.1748516,,,,,
29,7,5436,9257,419,5265,9266,407,987,49.04475257,,,,,
30,8,5434,9310,404,5511,9281,410,968,23.57099567,,,,,
31,8,5434,9310,404,5511,8916,427,1042,114.8891213,,,,,
32,8,5434,9310,404,5511,9106,417,1004,62.41009861,,,,,
33,8,5434,9310,404,5265,9266,407,988,49.90276259,,,,,
34,9,5503,9316,413,5511,9281,410,977,10.29364773,,,,,
35,9,5503,9316,413,5511,8916,427,1073,114.3785337,,,,,
36,9,5503,9316,413,5511,9106,417,1062,60.05439711,,,,,
37,9,5503,9316,413,5265,9266,407,1049,69.50554228,,,,,
38,10,5412,9212,419,5511,9281,410,988,34.57378977,,,,,
39,10,5412,9212,419,5511,8916,427,1027,89.20556403,,,,,
40,10,5412,9212,419,5511,9106,417,999,41.44433198,,,,,
41,10,5412,9212,419,5265,9266,407,999,44.87533753,,,,,
42,11,5467,9302,419,5511,9281,410,1015,14.16520601,,,,,
43,11,5467,9302,419,5511,8916,427,1096,111.0234393,,,,,
44,11,5467,9302,419,5511,9106,417,1061,57.39657958,,,,,
45,11,5467,9302,419,5265,9266,407,1057,58.7238435,,,,,
46,12,5452,9320,413,5511,9281,410,1075,20.22526204,,,,,
47,12,5452,9320,413,5511,8916,427,1184,116.721542,,,,,
48,12,5452,9320,413,5511,9106,417,1130,63.43436267,,,,,
49,12,5452,9320,413,5265,9266,407,1123,55.63804307,,,,,
50,13,5463,9339,410,5511,9281,410,1017,21.51032026,,,,,
51,13,5463,9339,410,5511,8916,427,1111,121.7297106,,,,,
52,13,5463,9339,410,5511,9106,417,1062,67.99879951,,,,,
53,13,5463,9339,410,5265,9266,407,1059,60.29993062,,,,,
54,14,5350,9313,413,5511,9281,410,1002,46.9076383,,,,,
55,14,5350,9313,413,5511,8916,427,1085,122.4664885,,,,,
56,14,5350,9313,413,5511,9106,417,1034,74.93452925,,,,,
57,14,5350,9313,413,5265,9266,407,989,27.80397857,,,,,
58,15,5339,9331,410,5265,9074,414,1109,76.4204268,,,,,
59,15,5339,9331,410,5511,9281,410,1019,51.17716327,,,,,
60,15,5339,9331,410,5511,8916,427,1099,128.4437461,,,,,
61,15,5339,9331,410,5511,9106,417,1054,80.94240835,,,,,
62,15,5339,9331,410,5265,9266,407,1000,28.15409493,,,,,
63,16,5471,9314,409,5511,9281,410,1000,14.81863141,,,,,
64,16,5471,9314,409,5511,8916,427,1104,114.4027972,,,,,
65,16,5471,9314,409,5511,9106,417,1037,60.56064594,,,,,
66,16,5471,9314,409,5265,9266,407,1043,60.43650742,,,,,
67,17,5440,9322,404,5511,9281,410,989,23.48773019,,,,,
68,17,5440,9322,404,5511,8916,427,1069,117.9436046,,,,,
69,17,5440,9322,404,5511,9106,417,1037,65.0688803,,,,,
70,17,5440,9322,404,5265,9266,407,1015,52.50461593,,,,,
71,18,5472,9311,410,5265,9074,414,1501,89.91333696,,,,,
72,18,5472,9311,410,5511,9281,410,1303,14.05818811,,,,,
73,18,5472,9311,410,5511,8916,427,1407,113.5098665,,,,,
74,18,5472,9311,410,5511,9106,417,1374,59.65547343,,,,,
75,18,5472,9311,410,5265,9266,407,1359,60.53030949,,,,,
76,19,5432,9313,413,5511,9281,410,977,24.36792807,,,,,
77,19,5432,9313,413,5511,8916,427,1057,115.7216929,,,,,
78,19,5432,9313,413,5511,9106,417,1018,63.3139247,,,,,
79,19,5432,9313,413,5265,9266,407,1000,49.59756413,,,,,
80,20,5501,9242,419,5511,9281,410,962,11.78722934,,,,,
81,20,5501,9242,419,5511,8916,427,1038,93.21469622,,,,,
82,20,5501,9242,419,5511,9106,417,992,38.96623342,,,,,
83,20,5501,9242,419,5265,9266,407,1019,67.86300727,,,,,
84,21,5355,9201,404,5265,9074,414,1228,44.56501785,,,,,
85,21,5355,9201,404,5511,9281,410,1239,50.11985634,,,,,
86,21,5355,9201,404,5511,8916,427,1273,93.061314,,,,,
87,21,5355,9201,404,5511,9106,417,1231,52.31771074,,,,,
88,21,5355,9201,404,5265,9266,407,1211,31.73101232,,,,,
89,22,5480,9328,410,5265,9074,414,1066,95.08621222,,,,,
90,22,5480,9328,410,5511,9281,410,987,16.08650087,,,,,
91,22,5480,9328,410,5511,8916,427,1086,118.1469165,,,,,
92,22,5480,9328,410,5511,9106,417,1050,64.07521091,,,,,
93,22,5480,9328,410,5265,9266,407,1040,63.93746945,,,,,
94,23,5444,9294,413,5511,9281,410,1012,19.51869852,,,,,
95,23,5444,9294,413,5511,8916,427,1098,109.7563164,,,,,
96,23,5444,9294,413,5511,9106,417,1044,57.03489802,,,,,
97,23,5444,9294,413,5265,9266,407,1044,51.79315218,,,,,
98,24,5418,9304,413,5511,9281,410,1023,27.38538266,,,,,
99,24,5418,9304,413,5511,8916,427,1112,114.0672913,,,,,
100,24,5418,9304,413,5511,9106,417,1060,62.51138672,,,,,
101,24,5418,9304,413,5265,9266,407,1044,45.0749942,,,,,
102,25,5414,9300,410,5511,9281,410,1005,28.24094581,,,,,
103,25,5414,9300,410,5511,8916,427,1086,113.2647251,,,,,
104,25,5414,9300,410,5511,9106,417,1036,62.00329155,,,,,
105,25,5414,9300,410,5265,9266,407,1020,43.67411787,,,,,
106,26,5450,9308,410,5511,9281,410,973,19.05952009,,,,,
107,26,5450,9308,410,5511,8916,427,1067,113.4519587,,,,,
108,26,5450,9308,410,5511,9106,417,1014,60.32158716,,,,,
109,26,5450,9308,410,5265,9266,407,1009,54.20896831,,,,,
110,27,5432,9111,413,5265,9074,414,1076,48.87217814,,,,,
111,27,5432,9111,413,5511,8916,427,1103,60.24575521,,,,,
112,27,5432,9111,413,5511,9106,417,1056,22.64544825,,,,,
113,27,5432,9111,413,5265,9266,407,1106,65.1215504,,,,,
114,28,5496,9297,410,5511,9281,410,991,6.266203486,,,,,
115,28,5496,9297,410,5511,8916,427,1091,109.0496985,,,,,
116,28,5496,9297,410,5511,9106,417,1039,54.77598163,,,,,
117,28,5496,9297,410,5265,9266,407,1046,66.59717467,,,,,
118,29,5333,9346,404,5265,9074,414,1059,80.15698882,,,,,
119,29,5333,9346,404,5511,9281,410,1026,54.16904757,,,,,
120,29,5333,9346,404,5511,8916,427,1108,133.1296744,,,,,
121,29,5333,9346,404,5511,9106,417,1059,85.45341254,,,,,
122,29,5333,9346,404,5265,9266,407,1000,30.01088238,,,,,
123,30,5457,9331,410,5265,9074,414,1072,91.66442793,,,,,
124,30,5457,9331,410,5511,9281,410,1001,21.02670799,,,,,
125,30,5457,9331,410,5511,8916,427,1096,119.6696132,,,,,
126,30,5457,9331,410,5511,9106,417,1046,66.14146867,,,,,
127,30,5457,9331,410,5265,9266,407,1041,57.92183332,,,,,
128,31,5486,9233,413,5265,9074,414,1079,77.78725566,,,,,
129,31,5486,9233,413,5511,9281,410,1018,15.48666312,,,,,
130,31,5486,9233,413,5511,8916,427,1097,90.94066242,,,,,
131,31,5486,9233,413,5511,9106,417,1036,36.99972421,,,,,
132,31,5486,9233,413,5265,9266,407,1067,63.865931,,,,,
133,32,5388,9267,404,5265,9074,414,1074,65.45164908,,,,,
134,32,5388,9267,404,5511,9281,410,1047,35.41128611,,,,,
135,32,5388,9267,404,5511,8916,427,1107,106.4679697,,,,,
136,32,5388,9267,404,5511,9106,417,1067,58.00703687,,,,,
137,32,5388,9267,404,5265,9266,407,1041,35.15446963,,,,,
138,33,5443,9334,410,5511,9281,410,979,24.63281369,,,,,
139,33,5443,9334,410,5511,8916,427,1068,121.0960152,,,,,
140,33,5443,9334,410,5511,9106,417,1024,68.00780267,,,,,
141,33,5443,9334,410,5265,9266,407,1006,54.44862773,,,,,
142,34,5487,9314,413,5511,9281,410,994,11.68987003,,,,,
143,34,5487,9314,413,5511,8916,427,1088,113.9910487,,,,,
144,34,5487,9314,413,5511,9106,417,1073,59.83378337,,,,,
145,34,5487,9314,413,5265,9266,407,1058,64.91690136,,,,,
146,35,5435,9286,426,5511,9281,410,1000,22.23620875,,,,,
147,35,5435,9286,426,5511,8916,427,1076,107.9217404,,,,,
148,35,5435,9286,426,5511,9106,417,1039,55.88399062,,,,,
149,35,5435,9286,426,5265,9266,407,1028,49.20676907,,,,,
150,36,5529,9262,410,5265,9074,414,1085,92.60669522,,,,,
151,36,5529,9262,410,5511,9281,410,1003,7.477858473,,,,,
152,36,5529,9262,410,5511,8916,427,1091,99.10991631,,,,,
153,36,5529,9262,410,5511,9106,417,1042,44.91170476,,,,,
154,36,5529,9262,410,5265,9266,407,1068,75.44209835,,,,,
155,37,5418,9263,413,5265,9074,414,1038,69.47676164,,,,,
156,37,5418,9263,413,5511,9281,410,997,27.07811828,,,,,
157,37,5418,9263,413,5511,8916,427,1055,102.7197495,,,,,
158,37,5418,9263,413,5511,9106,417,1014,52.14892333,,,,,
159,37,5418,9263,413,5265,9266,407,997,43.75628235,,,,,
160,38,5462,9279,410,5265,9074,414,1082,81.24038405,,,,,
161,38,5462,9279,410,5511,9281,410,1017,14.01165695,,,,,
162,38,5462,9279,410,5511,8916,427,1112,104.7675756,,,,,
163,38,5462,9279,410,5511,9106,417,1055,51.41190206,,,,,
164,38,5462,9279,410,5265,9266,407,1061,56.41464566,,,,,
165,39,5537,9259,410,5265,9074,414,1077,93.99305228,,,,,
166,39,5537,9259,410,5511,9281,410,994,9.731077923,,,,,
167,39,5537,9259,410,5511,8916,427,1083,98.40109507,,,,,
168,39,5537,9259,410,5511,9106,417,1023,44.38606143,,,,,
169,39,5537,9259,410,5265,9266,407,1058,77.74474193,,,,,
170,40,5477,9268,426,5265,9074,414,1080,82.17651484,,,,,
171,40,5477,9268,426,5511,9281,410,1001,11.36051163,,,,,
172,40,5477,9268,426,5511,8916,427,1080,101.0398992,,,,,
173,40,5477,9268,426,5511,9106,417,1051,47.36398356,,,,,
174,40,5477,9268,426,5265,9266,407,1054,60.81688809,,,,,
175,41,5405,9310,404,5511,9281,410,1005,31.44545001,,,,,
176,41,5405,9310,404,5511,8916,427,1090,116.7593024,,,,,
177,41,5405,9310,404,5511,9106,417,1021,65.78939807,,,,,
178,41,5405,9310,404,5265,9266,407,1008,41.93775757,,,,,
179,42,5510,9298,410,5265,9074,414,1091,94.85413076,,,,,
180,42,5510,9298,410,5511,9281,410,998,4.865538962,,,,,
181,42,5510,9298,410,5511,8916,427,1101,109.2512551,,,,,
182,42,5510,9298,410,5511,9106,417,1048,54.89433263,,,,,
183,42,5510,9298,410,5265,9266,407,1061,70.59976296,,,,,
184,43,5519,9273,410,5511,9281,410,991,3.232488143,,,,,
185,43,5519,9273,410,5511,8916,427,1097,102.1411588,,,,,
186,43,5519,9273,410,5511,9106,417,1035,47.81085181,,,,,
187,43,5519,9273,410,5265,9266,407,1064,72.60404217,,,,,
188,44,5423,9298,422,5511,9281,410,1000,25.83621884,,,,,
189,44,5423,9298,422,5511,8916,427,1087,112.010568,,,,,
190,44,5423,9298,422,5511,9106,417,1038,60.36149604,,,,,
191,44,5423,9298,422,5265,9266,407,1025,46.25836935,,,,,
192,45,5361,9317,404,5511,9281,410,996,44.10747542,,,,,
193,45,5361,9317,404,5511,8916,427,1072,122.5011454,,,,,
194,45,5361,9317,404,5511,9106,417,1028,74.06009694,,,,,
195,45,5361,9317,404,5265,9266,407,984,31.07068965,,,,,
196,46,5520,9318,410,5265,9074,414,1093,100.8441918,,,,,
197,46,5520,9318,410,5511,9281,410,1003,10.87967587,,,,,
198,46,5520,9318,410,5511,8916,427,1105,114.9885531,,,,,
199,46,5520,9318,410,5511,9106,417,1048,60.65896639,,,,,
200,46,5520,9318,410,5265,9266,407,1069,74.3614998,,,,,
201,47,5382,9314,404,5511,9281,410,1013,38.08261696,,,,,
202,47,5382,9314,404,5511,8916,427,1091,119.718718,,,,,
203,47,5382,9314,404,5511,9106,417,1049,70.0285656,,,,,
204,47,5382,9314,404,5265,9266,407,1013,36.14257482,,,,,
205,48,5525,9279,410,5265,9074,414,1026,94.60594968,,,,,
206,48,5525,9279,410,5511,9281,410,927,4.040610178,,,,,
207,48,5525,9279,410,5511,8916,427,1033,103.9049801,,,,,
208,48,5525,9279,410,5511,9106,417,976,49.63047122,,,,,
209,48,5525,9279,410,5265,9266,407,1003,74.38345219,,,,,
210,49,5500,8910,428,5511,9281,410,1103,106.1712133,,,,,
211,49,5500,8910,428,5511,8916,427,1009,3.591372883,,,,,
212,49,5500,8910,428,5511,9106,417,1060,56.17610793,,,,,
213,49,5500,8910,428,5265,9266,407,1117,122.0244204,,,,,
214,50,5372,9330,404,5511,9281,410,1004,42.14455202,,,,,
215,50,5372,9330,404,5511,8916,427,1079,124.9476625,,,,,
216,50,5372,9330,404,5511,9106,417,1037,75.41233592,,,,,
217,50,5372,9330,404,5265,9266,407,997,35.63305047,,,,,
218,51,5496,9304,410,5511,9281,410,988,7.845445839,,,,,
219,51,5496,9304,410,5511,8916,427,1091,111.0462305,,,,,
220,51,5496,9304,410,5511,9106,417,1043,56.76877555,,,,,
221,51,5496,9304,410,5265,9266,407,1046,66.89254252,,,,,
222,52,5308,9320,413,5511,9281,410,1068,59.06689394,,,,,
223,52,5308,9320,413,5511,8916,427,1139,129.2430079,,,,,
224,52,5308,9320,413,5511,9106,417,1101,84.28377722,,,,,
225,52,5308,9320,413,5265,9266,407,1035,19.79692823,,,,,
226,53,5504,9281,410,5511,9281,410,990,2,,,,,
227,53,5504,9281,410,5511,8916,427,1087,104.4179201,,,,,
228,53,5504,9281,410,5511,9106,417,1043,50.0799361,,,,,
229,53,5504,9281,410,5265,9266,407,1055,68.42543983,,,,,
230,54,5460,9308,404,5265,9074,414,1085,87.07538371,,,,,
231,54,5460,9308,404,5511,9281,410,1007,16.57635395,,,,,
232,54,5460,9308,404,5511,8916,427,1100,113.1349204,,,,,
233,54,5460,9308,404,5511,9106,417,1051,59.64110348,,,,,
234,54,5460,9308,404,5265,9266,407,1048,56.99838881,,,,,
235,55,5331,9329,404,5265,9074,414,1073,75.31213957,,,,,
236,55,5331,9329,404,5511,9281,410,1048,53.25334137,,,,,
237,55,5331,9329,404,5511,8916,427,1113,128.8878646,,,,,
238,55,5331,9329,404,5511,9106,417,1073,81.96465142,,,,,
239,55,5331,9329,404,5265,9266,407,1017,26.08306981,,,,,
240,56,5459,9330,410,5265,9074,414,1072,91.77968296,,,,,
241,56,5459,9330,410,5511,9281,410,1001,20.41408077,,,,,
242,56,5459,9330,410,5511,8916,427,1101,119.3140257,,,,,
243,56,5459,9330,410,5511,9106,417,1048,65.73229567,,,,,
244,56,5459,9330,410,5265,9266,407,1040,58.37318367,,,,,
245,57,5518,9187,413,5511,9281,410,1001,26.94514458,,,,,
246,57,5518,9187,413,5511,8916,427,1054,77.55761519,,,,,
247,57,5518,9187,413,5511,9106,417,994,23.25721306,,,,,
248,57,5518,9187,413,5265,9266,407,1051,75.74716267,,,,,
249,58,5354,9196,410,5511,9281,410,1020,51.00940289,,,,,
250,58,5354,9196,410,5511,8916,427,1064,91.84636684,,,,,
251,58,5354,9196,410,5511,9106,417,1020,51.74348031,,,,,
252,58,5354,9196,410,5265,9266,407,1001,32.36273998,,,,,
253,59,5492,9274,422,5511,9281,410,998,6.724915598,,,,,
254,59,5492,9274,422,5511,8916,427,1077,102.4396288,,,,,
255,59,5492,9274,422,5511,9106,417,1059,48.32711665,,,,,
256,59,5492,9274,422,5265,9266,407,1059,65.03876395,,,,,
257,60,5451,9277,404,5511,9281,410,921,17.26622278,,,,,
258,60,5451,9277,404,5511,8916,427,1005,104.7640692,,,,,
259,60,5451,9277,404,5511,9106,417,956,51.91044093,,,,,
260,60,5451,9277,404,5265,9266,407,960,53.24260991,,,,,
261,61,5452,9368,413,5511,9281,410,981,30.04622289,,,,,
262,61,5452,9368,413,5511,8916,427,1092,130.2998113,,,,,
263,61,5452,9368,413,5511,9106,417,1050,76.74021908,,,,,
264,61,5452,9368,413,5265,9266,407,1020,60.88396458,,,,,
265,62,5433,9245,409,5511,9281,410,967,24.54649898,,,,,
266,62,5433,9245,409,5511,8916,427,1044,96.74245211,,,,,
267,62,5433,9245,409,5511,9106,417,990,45.59717141,,,,,
268,62,5433,9245,409,5265,9266,407,996,48.37692147,,,,,
269,63,5335,9321,410,5511,9281,410,1006,51.56806479,,,,,
270,63,5335,9321,410,5511,8916,427,1075,126.2617948,,,,,
271,63,5335,9321,410,5511,9106,417,1042,79.41109777,,,,,
272,63,5335,9321,410,5265,9266,407,980,25.44942965,,,,,
273,64,5325,9222,396,5511,9281,410,1022,55.89567542,,,,,
274,64,5325,9222,396,5511,8916,427,1068,102.6955079,,,,,
275,64,5325,9222,396,5511,9106,417,1038,62.91750349,,,,,
276,64,5325,9222,396,5265,9266,407,992,21.48943737,,,,,
277,65,5487,9249,412,5265,9074,414,1042,80.76824998,,,,,
278,65,5487,9249,412,5511,9281,410,977,11.44284823,,,,,
279,65,5487,9249,412,5511,8916,427,1057,95.48586817,,,,,
280,65,5487,9249,412,5511,9106,417,1014,41.45319465,,,,,
281,65,5487,9249,412,5265,9266,407,1039,63.63030981,,,,,
282,66,5493,9244,419,5511,9281,410,995,12.03396554,,,,,
283,66,5493,9244,419,5511,8916,427,1083,93.88312317,,,,,
284,66,5493,9244,419,5511,9106,417,1032,39.76666638,,,,,
285,66,5493,9244,419,5265,9266,407,1054,65.53515959,,,,,
286,67,5344,9381,404,5511,9281,410,1048,55.64097741,,,,,
287,67,5344,9381,404,5511,8916,427,11222,141.3182831,,,,,
288,67,5344,9381,404,5511,9106,417,1090,91.99955634,,,,,
289,67,5344,9381,404,5265,9266,407,1034,39.87224496,,,,,
290,68,5426,9325,419,5511,9281,410,980,27.46723465,,,,,
291,68,5426,9325,419,5511,8916,427,1065,119.3759282,,,,,
292,68,5426,9325,419,5511,9106,417,1028,67.12157717,,,,,
293,68,5426,9325,419,5265,9266,407,1005,49.11128554,,,,,
294,69,5447,9320,412,5265,9074,414,1034,87.43230618,,,,,
295,69,5447,9320,412,5511,9281,410,966,21.42095103,,,,,
296,69,5447,9320,412,5511,8916,427,1057,116.9465254,,,,,
297,69,5447,9320,412,5511,9106,417,1012,63.83460772,,,,,
298,69,5447,9320,412,5265,9266,407,1003,54.25939211,,,,,
299,70,5348,9364,404,5511,9281,410,974,52.28961734,,,,,
300,70,5348,9364,404,5511,8916,427,1045,136.3674508,,,,,
301,70,5348,9364,404,5511,9106,417,1006,87.27250309,,,,,
302,70,5348,9364,404,5265,9266,407,955,36.70288873,,,,,
303,71,5470,9288,426,5511,9281,410,991,12.7327314,,,,,
304,71,5470,9288,426,5511,8916,427,1075,106.9296927,,,,,
305,71,5470,9288,426,5511,9106,417,1055,53.36512658,,,,,
306,71,5470,9288,426,5265,9266,407,1044,59.15734812,,,,,
307,72,5481,9274,427,5511,9281,410,971,10.05292119,,,,,
308,72,5481,9274,427,5511,8916,427,1050,102.6442241,,,,,
309,72,5481,9274,427,5511,9106,417,1021,48.84293862,,,,,
310,72,5481,9274,427,5265,9266,407,1024,62.02040481,,,,,
311,73,5277,9320,410,5511,9281,410,1027,67.77935391,,,,,
312,73,5277,9320,410,5511,8916,427,1100,133.4811765,,,,,
313,73,5277,9320,410,5511,9106,417,1073,90.6218877,,,,,
314,73,5277,9320,410,5265,9266,407,982,15.82815884,,,,,
315,74,5290,9088,410,5511,9281,410,992,83.83170702,,,,,
316,74,5290,9088,410,5511,8916,427,977,80.16004399,,,,,
317,74,5290,9088,410,5511,9106,417,973,63.38351038,,,,,
318,74,5290,9088,410,5265,9266,407,953,51.36345083,,,,,
319,75,5401,9303,410,5511,9281,410,966,32.0509798,,,,,
320,75,5401,9303,410,5511,8916,427,1045,115.0538472,,,,,
321,75,5401,9303,410,5511,9106,417,993,64.49679631,,,,,
322,75,5401,9303,410,5265,9266,407,977,40.27862146,,,,,
323,76,5278,9175,410,5511,9281,410,1000,73.13671849,,,,,
324,76,5278,9175,410,5511,8916,427,1049,99.65614351,,,,,
325,76,5278,9175,410,5511,9106,417,1031,69.45795968,,,,,
326,76,5278,9175,410,5265,9266,407,973,26.27794916,,,,,
327,77,5312,9282,398,5511,9281,410,1031,56.96113964,,,,,
328,77,5312,9282,398,5511,8916,427,1071,119.3171045,,,,,
329,77,5312,9282,398,5511,9106,417,1058,76.09768159,,,,,
330,77,5312,9282,398,5265,9266,407,991,14.41654378,,,,,
331,78,5449,9279,415,5511,9281,410,987,17.78098044,,,,,
332,78,5449,9279,415,5511,8916,427,1087,105.272048,,,,,
333,78,5449,9279,415,5511,9106,417,1029,52.51005735,,,,,
334,78,5449,9279,415,5265,9266,407,1037,52.75201902,,,,,
335,79,5395,9332,424,5511,9281,410,989,36.42492979,,,,,
336,79,5395,9332,424,5511,8916,427,1089,123.3945059,,,,,
337,79,5395,9332,424,5511,9106,417,1039,72.6079773,,,,,
338,79,5395,9332,424,5265,9266,407,1002,41.93775757,,,,,
339,80,5470,9278,415,5511,9281,410,979,11.83215957,,,,,
340,80,5470,9278,415,5511,8916,427,1071,104.1462864,,,,,
341,80,5470,9278,415,5511,9106,417,1024,50.52297921,,,,,
342,80,5470,9278,415,5265,9266,407,1026,58.7161974,,,,,
343,81,5328,9308,408,5511,9281,410,1033,52.8548262,,,,,
344,81,5328,9308,408,5511,8916,427,1107,123.7225335,,,,,
345,81,5328,9308,408,5511,9106,417,1072,77.91884842,,,,,
346,81,5328,9308,408,5265,9266,407,1007,21.63519431,,,,,
347,82,5355,9347,408,5511,9281,410,1020,48.39969641,,,,,
348,82,5355,9347,408,5511,8916,427,1098,131.0734332,,,,,
349,82,5355,9347,408,5511,9106,417,1056,82.06418593,,,,,
350,82,5355,9347,408,5265,9266,407,997,34.59621308,,,,,
351,83,5451,9363,412,5511,9281,410,972,29.03621946,,,,,
352,83,5451,9363,412,5511,8916,427,1080,128.930926,,,,,
353,83,5451,9363,412,5511,9106,417,1034,75.41666573,,,,,
354,83,5451,9363,412,5265,9266,407,1012,59.95236204,,,,,
355,84,5497,9233,408,5265,9074,414,1050,80.37717211,,,,,
356,84,5497,9233,408,5511,9281,410,991,14.29713829,,,,,
357,84,5497,9233,408,5511,8916,427,1071,90.82209567,,,,,
358,84,5497,9233,408,5511,9106,417,1017,36.59597391,,,,,
359,84,5497,9233,408,5265,9266,407,1059,66.95353247,,,,,
360,85,5443,9354,415,5511,9281,410,995,28.5399827,,,,,
361,85,5443,9354,415,5511,8916,427,1102,126.6884335,,,,,
362,85,5443,9354,415,5511,9106,417,1059,73.47469369,,,,,
363,85,5443,9354,415,5265,9266,407,1031,56.77884055,,,,,
364,86,5327,9304,427,5511,9281,410,989,53.20273125,,,,,
365,86,5327,9304,427,5511,8916,427,1069,122.6909174,,,,,
366,86,5327,9304,427,5511,9106,417,1028,77.28030084,,,,,
367,86,5327,9304,427,5265,9266,407,970,21.5482373,,,,,
368,87,5489,9338,408,5265,9074,414,1069,98.93638443,,,,,
369,87,5489,9338,408,5511,9281,410,984,17.46600196,,,,,
370,87,5489,9338,408,5511,8916,427,1087,120.8571429,,,,,
371,87,5489,9338,408,5511,9106,417,1060,66.63271244,,,,,
372,87,5489,9338,408,5265,9266,407,1046,67.22548108,,,,,
373,88,5475,9264,419,5511,9281,410,973,11.66190379,,,,,
374,88,5475,9264,419,5511,8916,427,1069,99.98530504,,,,,
375,88,5475,9264,419,5511,9106,417,1017,46.30334761,,,,,
376,88,5475,9264,419,5265,9266,407,1032,60.10059594,,,,,
377,89,5434,9353,423,5511,9281,410,969,30.34764557,,,,,
378,89,5434,9353,423,5511,8916,427,1064,126.7856942,,,,,
379,89,5434,9353,423,5511,9106,417,1033,73.94095824,,,,,
380,89,5434,9353,423,5265,9266,407,994,54.50032765,,,,,
381,90,5533,9245,424,5511,9281,410,981,12.70063473,,,,,
382,90,5533,9245,424,5511,8916,427,1053,94.21382541,,,,,
383,90,5533,9245,424,5511,9106,417,1013,40.25834937,,,,,
384,90,5533,9245,424,5265,9266,407,1050,76.95957062,,,,,
385,91,5309,9212,398,5511,9281,410,1021,61.0847521,,,,,
386,91,5309,9212,398,5511,8916,427,1047,102.722531,,,,,
387,91,5309,9212,398,5511,9106,417,1013,65.40361346,,,,,
388,91,5309,9212,398,5265,9266,407,985,20.06723393,,,,,
389,92,5433,9374,396,5511,9281,410,962,34.9097963,,,,,
390,92,5433,9374,396,5511,8916,427,1055,133.0364382,,,,,
391,92,5433,9374,396,5511,9106,417,1009,79.97397536,,,,,
392,92,5433,9374,396,5265,9266,407,976,57.14928535,,,,,
393,93,5419,9297,415,5511,9281,410,997,26.71848706,,,,,
394,93,5419,9297,415,5511,8916,427,1101,112.0382588,,,,,
395,93,5419,9297,415,5511,9106,417,1041,60.57479775,,,,,
396,93,5419,9297,415,5265,9266,407,1026,44.94077736,,,,,
397,94,5266,9202,398,5511,9281,410,1040,73.62896502,,,,,
398,94,5266,9202,398,5511,8916,427,1055,107.9160672,,,,,
399,94,5266,9202,398,5511,9106,417,1040,75.37768847,,,,,
400,94,5266,9202,398,5265,9266,407,996,18.46784298,,,,,
401,95,5351,9274,404,5511,9281,410,1015,45.79011568,,,,,
402,95,5351,9274,404,5511,8916,427,1081,112.2289933,,,,,
403,95,5351,9274,404,5511,9106,417,1035,66.38969677,,,,,
404,95,5351,9274,404,5265,9266,407,1003,24.69239328,,,,,
405,96,5354,9245,413,5511,9281,410,998,46.02927196,,,,,
406,96,5354,9245,413,5511,8916,427,1057,104.231297,,,,,
407,96,5354,9245,413,5511,9106,417,1013,59.9223988,,,,,
408,96,5354,9245,413,5265,9266,407,990,26.18302924,,,,,
409,97,5385,9358,427,5511,9281,410,982,42.46871598,,,,,
410,97,5385,9358,427,5511,8916,427,1072,131.3167226,,,,,
411,97,5385,9358,427,5511,9106,417,1030,80.54913572,,,,,
412,97,5385,9358,427,5265,9266,407,982,43.57868792,,,,,
413,98,5354,9337,398,5511,9281,410,1017,47.74849073,,,,,
414,98,5354,9337,398,5511,8916,427,1085,128.644741,,,,,
415,98,5354,9337,398,5511,9106,417,1039,79.98520271,,,,,
416,98,5354,9337,398,5265,9266,407,992,32.63027266,,,,,
417,99,5304,9389,404,5511,9281,410,1038,66.73064957,,,,,
418,99,5304,9389,404,5511,8916,427,1125,147.663987,,,,,
419,99,5304,9389,404,5511,9106,417,1097,100.2474489,,,,,
420,99,5304,9389,404,5265,9266,407,993,36.87707102,,,,,
421,100,5447,9263,419,5265,9074,414,1047,74.98026951,,,,,
422,100,5447,9263,419,5511,9281,410,989,19.16842642,,,,,
423,100,5447,9263,419,5511,8916,427,1074,100.8409538,,,,,
424,100,5447,9263,419,5511,9106,417,1044,48.44437163,,,,,
425,100,5447,9263,419,5265,9266,407,1038,52.11995583,,,,,
426,101,5333,9239,402,5511,9281,410,1025,52.30366593,,,,,
427,101,5333,9239,402,5511,8916,427,1080,105.613079,,,,,
428,101,5333,9239,402,5511,9106,417,1030,63.63030981,,,,,
429,101,5333,9239,402,5265,9266,407,1000,20.95281385,,,,,
430,102,5333,9276,402,5511,9281,410,1025,50.92852134,,,,,
431,102,5333,9276,402,5511,8916,427,1084,114.9654784,,,,,
432,102,5333,9276,402,5511,9106,417,1043,70.45565982,,,,,
433,102,5333,9276,402,5265,9266,407,997,19.68942532,,,,,
434,103,5488,9323,408,5511,9281,410,983,13.69343653,,,,,
435,103,5488,9323,408,5511,8916,427,1085,116.5976861,,,,,
436,103,5488,9323,408,5511,9106,417,1030,62.40028781,,,,,
437,103,5488,9323,408,5265,9266,407,1036,65.76333573,,,,,
438,104,5410,9304,419,5511,9281,410,1004,29.70741679,,,,,
439,104,5410,9304,419,5511,8916,427,1095,114.5742786,,,,,
440,104,5410,9304,419,5511,9106,417,1043,63.50895807,,,,,
441,104,5410,9304,419,5265,9266,407,1018,42.96462712,,,,,
442,105,5261,9245,398,5511,9281,410,1044,72.24674274,,,,,
443,105,5261,9245,398,5511,8916,427,1077,118.3498791,,,,,
444,105,5261,9245,398,5511,9106,417,1052,81.90686598,,,,,
445,105,5261,9245,398,5265,9266,407,992,6.627093431,,,,,
446,106,5278,9217,402,5511,9281,410,1046,69.07493712,,,,,
447,106,5278,9217,402,5511,8916,427,1080,108.9897954,,,,,
448,106,5278,9217,402,5511,9106,417,1038,73.86418867,,,,,
449,106,5278,9217,402,5265,9266,407,1001,14.55461215,,,,,
450,107,5323,9423,402,5511,9281,410,1032,67.35346907,,,,,
451,107,5323,9423,402,5511,8916,427,1115,154.6603916,,,,,
452,107,5323,9423,402,5511,9106,417,1070,105.3886878,,,,,
453,107,5323,9423,402,5265,9266,407,1001,47.84157529,,,,,
454,108,5447,9360,415,5511,9281,410,986,29.08397413,,,,,
455,108,5447,9360,415,5511,8916,427,1092,128.2141066,,,,,
456,108,5447,9360,415,5511,9106,417,1052,74.84187412,,,,,
457,108,5447,9360,415,5265,9266,407,1026,58.5707317,,,,,
458,109,5310,9306,419,5511,9281,410,1328,57.92817509,,,,,
459,109,5310,9306,419,5511,8916,427,1396,125.3777964,,,,,
460,109,5310,9306,419,5511,9106,417,1365,81.01650122,,,,,
461,109,5310,9306,419,5265,9266,407,1291,17.5406234,,,,,
462,110,5494,9243,424,5511,9281,410,999,12.54868072,,,,,
463,110,5494,9243,424,5511,8916,427,1088,93.5586687,,,,,
464,110,5494,9243,424,5511,9106,417,1022,39.49373497,,,,,
465,110,5494,9243,424,5265,9266,407,1059,65.93689005,,,,,
466,111,5433,9308,408,5265,9074,414,1044,82.32142082,,,,,
467,111,5433,9308,408,5511,9281,410,985,23.59003595,,,,,
468,111,5433,9308,408,5511,8916,427,1082,114.3246362,,,,,
469,111,5433,9308,408,5511,9106,417,1044,61.92095026,,,,,
470,111,5433,9308,408,5265,9266,407,1028,49.47809245,,,,,
471,112,5475,9369,404,5265,9074,414,1069,103.4999754,,,,,
472,112,5475,9369,404,5511,9281,410,981,27.21944083,,,,,
473,112,5475,9369,404,5511,8916,427,1094,130.0028257,,,,,
474,112,5475,9369,404,5511,9106,417,1042,75.93445079,,,,,
475,112,5475,9369,404,5265,9266,407,1025,66.83393981,,,,,
476,113,5457,9409,402,5265,9074,414,1051,110.3733922,,,,,
477,113,5457,9409,402,5511,9281,410,979,39.75845437,,,,,
478,113,5457,9409,402,5511,8916,427,1107,141.879512,,,,,
479,113,5457,9409,402,5511,9106,417,1051,88.03987965,,,,,
480,113,5457,9409,402,5265,9266,407,1018,68.41529844,,,,,
481,114,5380,9314,427,5511,9281,410,983,38.9022847,,,,,
482,114,5380,9314,427,5511,8916,427,1074,119.7156495,,,,,
483,114,5380,9314,427,5511,9106,417,1024,70.29094057,,,,,
484,114,5380,9314,427,5265,9266,407,989,36.06004064,,,,,
485,115,5530,9311,412,5511,9281,410,995,10.16195385,,,,,
486,115,5530,9311,412,5511,8916,427,1090,113.0688791,,,,,
487,115,5530,9311,412,5511,9106,417,1075,58.83980327,,,,,
488,115,5530,9311,412,5265,9266,407,1078,76.81145748,,,,,
489,116,5531,9309,412,5511,9281,410,1001,9.84782168,,,,,
490,116,5531,9309,412,5511,8916,427,1094,112.512675,,,,,
491,116,5531,9309,412,5511,9106,417,1076,58.29831797,,,,,
492,116,5531,9309,412,5265,9266,407,1088,76.99986748,,,,,
493,117,5413,9340,404,5511,9281,410,985,32.72769532,,,,,
494,117,5413,9340,404,5511,8916,427,1084,124.5101422,,,,,
495,117,5413,9340,404,5511,9106,417,1019,72.57873979,,,,,
496,117,5413,9340,404,5265,9266,407,1000,47.28463529,,,,,
497,118,5347,9322,413,5511,9281,410,990,48.30684238,,,,,
498,118,5347,9322,413,5511,8916,427,1059,125.1702514,,,,,
499,118,5347,9322,413,5511,9106,417,1036,77.49549032,,,,,
500,118,5347,9322,413,5265,9266,407,972,28.42246884,,,,,
501,119,5510,9189,415,5511,9281,410,979,26.326056,,,,,
502,119,5510,9189,415,5511,8916,427,1025,78.07583963,,,,,
503,119,5510,9189,415,5511,9106,417,970,23.72289001,,,,,
504,119,5510,9189,415,5265,9266,407,1034,73.41133761,,,,,
505,120,5424,9269,408,5511,9281,410,1009,25.0989877,,,,,
506,120,5424,9269,408,5511,8916,427,1082,104.0168746,,,,,
507,120,5424,9269,408,5511,9106,417,1032,52.85250945,,,,,
508,120,5424,9269,408,5265,9266,407,1037,45.43755527,,,,,
509,121,5500,9359,408,5511,9281,410,1022,22.51348802,,,,,
510,121,5500,9359,408,5511,8916,427,1149,126.726767,,,,,
511,121,5500,9359,408,5511,9106,417,1084,72.39968429,,,,,
512,121,5500,9359,408,5265,9266,407,1087,72.21001118,,,,,
513,122,5436,9260,412,5511,9281,410,986,22.26005849,,,,,
514,122,5436,9260,412,5511,8916,427,1061,100.6858116,,,,,
515,122,5436,9260,412,5511,9106,417,989,48.96145923,,,,,
516,122,5436,9260,412,5265,9266,407,999,48.90807704,,,,,
517,123,5318,9272,402,5511,9281,410,1033,55.2500808,,,,,
518,123,5318,9272,402,5511,8916,427,1088,115.9204513,,,,,
519,123,5318,9272,402,5511,9106,417,1042,72.85994392,,,,,
520,123,5318,9272,402,5265,9266,407,996,15.30639456,,,,,
521,124,5313,9268,417,5511,9281,410,1031,56.72849768,,,,,
522,124,5313,9268,417,5511,8916,427,1093,115.4257425,,,,,
523,124,5313,9268,417,5511,9106,417,1046,73.0937335,,,,,
524,124,5313,9268,417,5265,9266,407,996,14.02039331,,,,,
